{"cameraMode":{"drawMode":0,"name":"Shaded","section":"Shading Mode"},"sceneLighting":true,"audioPlay":false,"sceneViewState":{"showFog":true,"showMaterialUpdate":true,"showSkybox":true,"showFlares":true,"showImageEffects":true,"showParticleSystems":true},"in2DMode":false,"pivot":{"x":3.5510456562042238,"y":0.5141353011131287,"z":-9.152507781982422},"rotation":{"x":0.09000002592802048,"y":-0.8251570463180542,"z":0.1374000757932663,"w":0.5404967665672302},"size":0.48481446504592898,"orthographic":false}