{"cameraMode":{"drawMode":0,"name":"Shaded","section":"Shading Mode"},"sceneLighting":true,"audioPlay":false,"sceneViewState":{"showFog":true,"showMaterialUpdate":true,"showSkybox":true,"showFlares":true,"showImageEffects":true,"showParticleSystems":true},"in2DMode":false,"pivot":{"x":-1.457566261291504,"y":-0.7732601165771484,"z":0.068145751953125},"rotation":{"x":0.3171898126602173,"y":-0.22193624079227448,"z":0.07661375403404236,"w":0.9188393950462341},"size":7.216273784637451,"orthographic":false}